,time,Np,Gp,Kp,Dp,S_indep,I1_indep,I2_indep
0,0.0,0.0,0.0,0.0,0.0,1,0,1
1,15.0,38.84014076621964,9.605633379221237,31.86922266530942,0.0007637081586517079,1,0,1
2,30.0,47.37240792065465,14.940058232477483,49.60365142849658,0.015441437644642038,1,0,1
3,45.0,48.77359380950418,16.187957882728696,49.871717859584045,0.04514841064892743,1,0,1
4,60.0,48.55896898299604,16.349535857687208,49.87448377775985,0.07127092936946794,1,0,1
5,75.0,48.08487305301604,16.279951907220177,49.87291727660654,0.09286234691782462,1,0,1
6,90.0,47.64024020300179,16.17852123144097,49.87092457446922,0.11046896957948656,1,0,1
7,105.0,47.272351684522064,16.08705780398972,49.86913467733378,0.12469434599790136,1,0,1
8,120.0,46.97763649062428,16.011793990319198,49.867645768736345,0.13611148174775572,1,0,1
